{
    "loss": 19.260826110839844,
    "accuracy": 0.33111080527305603
}