{
    "loss": 2.8731391429901123,
    "accuracy": 0.8014137148857117
}